[
  {
    "question": "Which fruit is botanically a berry and shares its name with a popular red breakfast spread?",
    "answer": "Strawberry",
    "difficulty": "easy",
    "hint": "It’s red and seeds are on the outside."
  },
  {
    "question": "What grain—staple in sushi—is also the botanical seed of a grass species?",
    "answer": "Rice",
    "difficulty": "easy",
    "hint": "Think of a tiny white seed you rinse before cooking."
  },
  {
    "question": "Which dairy product is cultured with Lactobacillus bulgaricus and Streptococcus thermophilus?",
    "answer": "Yogurt",
    "difficulty": "easy",
    "hint": "You often eat it with granola."
  }
]