[
  {
    "question": "Which fruit is botanically a berry and shares its name with a popular red breakfast spread?",
    "answer": "Strawberry",
    "difficulty": "easy",
    "hint": "It\u2019s red and has seeds on the outside."
  },
  {
    "question": "What grain\u2014staple in sushi\u2014is also the botanical seed of a grass species?",
    "answer": "Rice",
    "difficulty": "easy",
    "hint": "Think of a tiny white seed you rinse before cooking."
  },
  {
    "question": "Which dairy product is cultured with Lactobacillus bulgaricus and Streptococcus thermophilus?",
    "answer": "Yogurt",
    "difficulty": "easy",
    "hint": "Often eaten with fruit or granola."
  },
  {
    "question": "What root vegetable is famously orange but originally came in purple or white varieties?",
    "answer": "Carrot",
    "difficulty": "easy",
    "hint": "Bugs Bunny\u2019s favorite snack."
  },
  {
    "question": "Which yellow curved fruit is high in potassium and commonly eaten as a snack?",
    "answer": "Banana",
    "difficulty": "easy",
    "hint": "Monkeys love it too."
  },
  {
    "question": "Which red or green fruit shares its name with both a company and a popular electronic device?",
    "answer": "Apple",
    "difficulty": "easy",
    "hint": "Keeps the doctor away."
  },
  {
    "question": "What baked food staple is made from wheat flour, water, yeast, and salt?",
    "answer": "Bread",
    "difficulty": "easy",
    "hint": "We slice it for sandwiches."
  },
  {
    "question": "What small seeds from a flowering plant are used to make hummus and often found in Mediterranean cuisine?",
    "answer": "Chickpeas",
    "difficulty": "easy",
    "hint": "Also called garbanzo beans."
  },
  {
    "question": "Which pseudo-cereal grain originated in the Andean region and is known for its high protein content?",
    "answer": "Quinoa",
    "difficulty": "medium",
    "hint": "Often called a superfood and cooked like rice."
  },
  {
    "question": "What spice, the world\u2019s most expensive by weight, comes from the stigma of Crocus sativus?",
    "answer": "Saffron",
    "difficulty": "medium",
    "hint": "Each flower only yields three threads."
  },
  {
    "question": "What spiky green vegetable has a heart that\u2019s a popular base for dips and spreads?",
    "answer": "Artichoke",
    "difficulty": "medium",
    "hint": "You dunk its leaves in melted butter."
  },
  {
    "question": "Which soybean-based product is fermented and often used as a paste in Japanese cuisine?",
    "answer": "Miso",
    "difficulty": "medium",
    "hint": "It\u2019s the base of a comforting soup."
  },
  {
    "question": "What staple Italian side dish is made from coarse ground cornmeal and can be served soft or baked?",
    "answer": "Polenta",
    "difficulty": "medium",
    "hint": "Dino Flintstones loved to bowl it."
  },
  {
    "question": "Which chili paste, originating in North Africa, is made from chili peppers, garlic, and other spices?",
    "answer": "Harissa",
    "difficulty": "medium",
    "hint": "Often used to flavor stews and couscous."
  },
  {
    "question": "What green leafy vegetable, part of the cabbage family, is known for its high vitamin K content and used in salads?",
    "answer": "Kale",
    "difficulty": "medium",
    "hint": "It\u2019s also a trendy smoothie ingredient."
  },
  {
    "question": "Which soybean product is made by coagulating soy milk and pressing the curds into blocks?",
    "answer": "Tofu",
    "difficulty": "medium",
    "hint": "It absorbs flavors from sauces."
  },
  {
    "question": "What immature soybean pod is often served steamed and salted as a snack or appetizer?",
    "answer": "Edamame",
    "difficulty": "medium",
    "hint": "Commonly found in Japanese restaurants."
  },
  {
    "question": "What savory taste, often described as \u201cmeaty\u201d or \u201cbrothy,\u201d is recognized as the fifth basic taste?",
    "answer": "Umami",
    "difficulty": "hard",
    "hint": "Found in foods like mushrooms and soy sauce."
  },
  {
    "question": "Which Korean fermented vegetable dish is commonly served as a side and known for its spicy, tangy flavor?",
    "answer": "Kimchi",
    "difficulty": "hard",
    "hint": "Napa cabbage is its main ingredient."
  },
  {
    "question": "What clarified butter, commonly used in Indian cooking, has a high smoke point and nutty flavor?",
    "answer": "Ghee",
    "difficulty": "hard",
    "hint": "Used to make dal and dosa crispy."
  },
  {
    "question": "Which root, similar to ginger, is frequently used in Thai cuisine and also known as 'Thai ginger'?",
    "answer": "Galangal",
    "difficulty": "hard",
    "hint": "Essential in tom yum soup."
  },
  {
    "question": "What green tea powder is finely ground and used in Japanese tea ceremonies?",
    "answer": "Matcha",
    "difficulty": "hard",
    "hint": "Whisked with water until frothy."
  },
  {
    "question": "Which fermented chili sauce from Southeast Asia is made from chilies and fermented fish?",
    "answer": "Sriracha",
    "difficulty": "hard",
    "hint": "Often attributed to a Thai creator."
  },
  {
    "question": "Which tiny grain, a staple in Ethiopia, is used to make injera bread?",
    "answer": "Teff",
    "difficulty": "very hard",
    "hint": "It\u2019s one of the smallest grains in the world."
  },
  {
    "question": "Which aromatic oil, often used in cooking and baking, is derived from a fungus that grows on oak trees?",
    "answer": "Truffle oil",
    "difficulty": "very hard",
    "hint": "Truffles are highly prized and expensive."
  },
  {
    "question": "What acid in unripe tomatoes gives them astringency and tangy mouthfeel?",
    "answer": "Citric acid",
    "difficulty": "very hard",
    "hint": "Common in citrus fruits."
  },
  {
    "question": "Which polyphenol, abundant in red wine and berries, has been studied for cardiovascular benefits?",
    "answer": "Resveratrol",
    "difficulty": "very hard",
    "hint": "Found in grape skins."
  }
]